rank,uri,artist_names,track_name,source,peak_rank,previous_rank,days_on_chart,streams,date
1,spotify:track:0gplL1WMoJ6iYaPgMCL0gX,Adele,Easy On Me,Columbia,1,1,27,5836768,2021-11-09
2,spotify:track:5PjdY0CKGZdEuoNab3yDmX,"The Kid LAROI, Justin Bieber",STAY (with Justin Bieber),Columbia,1,2,124,5359292,2021-11-09
3,spotify:track:5Z9KJZvQzH6PFmb8SNkxuk,"Lil Nas X, Jack Harlow",INDUSTRY BABY (feat. Jack Harlow),Columbia,2,3,110,4665869,2021-11-09
4,spotify:track:50nfwKoDiSYg8zOCREWAm5,Ed Sheeran,Shivers,Atlantic Records UK,4,4,61,3977083,2021-11-09
5,spotify:track:02MWAaffLxlfxAUY7c5dvx,Glass Animals,Heat Waves,Polydor Records,3,5,325,3957323,2021-11-09
6,spotify:track:7rglLriMNBPAyuJOMGwi39,"Elton John, Dua Lipa, PNAU",Cold Heart - PNAU Remix,EMI,5,6,89,3849299,2021-11-09
7,spotify:track:3rmo8F54jFF8OgYsqTxm5d,Ed Sheeran,Bad Habits,Atlantic Records UK,3,8,138,3382892,2021-11-09
8,spotify:track:2B4GHvToeLTOBB4QLzW3Ni,Farruko,Pepas,Sony Music Latin,3,9,121,3197909,2021-11-09
9,spotify:track:00Blm7zeNqgYLPtW6zg8cj,"Post Malone, The Weeknd",One Right Now (with The Weeknd),Republic Records,7,7,5,3126902,2021-11-09
10,spotify:track:7hU3IHwjX150XLoTVmjD0q,LISA,MONEY,YG Entertainment/Interscope Records,5,11,61,3085050,2021-11-09
11,spotify:track:46HNZY1i7O6jwTA7Slo2PI,"Coldplay, BTS",My Universe,Parlophone UK,3,10,47,3047958,2021-11-09
12,spotify:track:6Uj1ctrBOjOas8xZXGqKk4,Doja Cat,Woman,Kemosabe Records/RCA Records,5,12,120,2843902,2021-11-09
13,spotify:track:2Xr1dTzJee307rmrkt8c0g,CKay,love nwantiti (ah ah ah),Chocolate City Music,9,14,58,2602043,2021-11-09
14,spotify:track:4iN16F8JtVxG2UTzp3avGl,"Bruno Mars, Anderson .Paak, Silk Sonic",Smokin Out The Window,Aftermath Entertainment/Atlantic,14,22,5,2594668,2021-11-09
15,spotify:track:4gvrJnKCKIPiacNsWVQwEU,"CKay, Dj Yo!, AX'EL",love nwantiti (feat. Dj Yo! & AX'EL) - Remix,WM South Africa,13,15,56,2480839,2021-11-09
16,spotify:track:4ZtFanR9U6ndgddUvNcjcG,Olivia Rodrigo,good 4 u,Olivia Rodrigo PS,1,17,180,2432424,2021-11-09
17,spotify:track:4R67rQNSbbsR4TdUVOIdez,Travis Scott,ESCAPE PLAN,Cactus Jack / Epic,4,13,5,2422439,2021-11-09
18,spotify:track:2gpWyfu7eZ01zzncHpxOtA,"Swedish House Mafia, The Weeknd",Moth To A Flame (with The Weeknd),Republic Records,4,16,19,2396202,2021-11-09
19,spotify:track:3Vi5XqYrmQgOYBajMWSvCi,Doja Cat,Need to Know,Kemosabe Records/RCA Records,6,18,152,2364394,2021-11-09
20,spotify:track:0e8nrvls4Qqv5Rfa2UhqmO,Lil Nas X,THATS WHAT I WANT,Columbia,3,19,54,2313648,2021-11-09
21,spotify:track:3Wrjm47oTz2sjIgck11l5e,Måneskin,Beggin',RCA Records Label,1,20,162,2290269,2021-11-09
22,spotify:track:4RVwu0g32PAqgUiJoXsdF8,Billie Eilish,Happier Than Ever,Darkroom/Interscope Records,6,21,103,2285870,2021-11-09
23,spotify:track:3DarAbFujv6eYNliUTyqtz,"Doja Cat, SZA",Kiss Me More (feat. SZA),Kemosabe Records/RCA Records,2,23,215,2179711,2021-11-09
24,spotify:track:1SC5rEoYDGUK4NfG82494W,Lil Nas X,MONTERO (Call Me By Your Name),Columbia,1,24,229,2114067,2021-11-09
25,spotify:track:4gzsuuZypVbxs0Af1LSZyB,"Tainy, Bad Bunny, Julieta Venegas",Lo Siento BB:/ (with Bad Bunny & Julieta Venegas),Neon16,7,26,36,2054135,2021-11-09
26,spotify:track:0eu4C55hL6x29mmeAjytzC,Oliver Tree,Life Goes On,Atlantic Records,14,25,69,2037822,2021-11-09
27,spotify:track:15HMh4yxdf4wyxSZSlOgGZ,"Amaarae, Kali Uchis, Moliy",SAD GIRLZ LUV MONEY Remix (feat. Kali Uchis and Moliy),Golden Child Entertainment Ltd,27,28,9,1998205,2021-11-09
28,spotify:track:2gQPv5jvVPqU2a9HhMNO1v,BoyWithUke,Toxic,Republic Records,25,27,24,1969591,2021-11-09
29,spotify:track:4btFHqumCO31GksfuBLLv3,Ed Sheeran,Overpass Graffiti,Atlantic Records UK,10,29,12,1949611,2021-11-09
30,spotify:track:07MDkzWARZaLEdKxo6yArG,"THE ANXIETY, WILLOW, Tyler Cole",Meet Me At Our Spot,"MSFTSMusic / Roc Nation Records, LLC",23,30,71,1852835,2021-11-09
31,spotify:track:6I3mqTwhRpn34SLVafSH7G,Justin Bieber,Ghost,RBMG/Def Jam,28,32,51,1852325,2021-11-09
32,spotify:track:1r9xUipOqoNwggBpENDsvJ,"Imagine Dragons, JID, Arcane, League of Legends",Enemy (with JID) - from the series Arcane League of Legends,KIDinaKORNER/Interscope Records,32,38,12,1831926,2021-11-09
33,spotify:track:5CZ40GBx1sQ9agT82CLQCT,Olivia Rodrigo,traitor,Olivia Rodrigo PS,7,33,173,1830328,2021-11-09
34,spotify:track:2JPLbjOn0wPCngEot2STUS,Bad Bunny,Yonaguni,Rimas Entertainment LLC,3,36,159,1826537,2021-11-09
35,spotify:track:3uUuGVFu1V7jTQL60S1r8z,"Lost Frequencies, Calum Scott",Where Are You Now,Epic Amsterdam,26,34,75,1809542,2021-11-09
36,spotify:track:0VjIjW4GlUZAMYd2vXMi3b,The Weeknd,Blinding Lights,Republic Records,1,35,712,1775827,2021-11-09
37,spotify:track:6f5ExP43esnvdKPddwKXJH,"NEIKED, Mae Muller, Polo G",Better Days (NEIKED x Mae Muller x Polo G),Capitol,29,37,23,1736824,2021-11-09
38,spotify:track:5nujrmhLynf4yMoMtj8AQF,"Dua Lipa, DaBaby",Levitating (feat. DaBaby),Warner Records,4,39,404,1687143,2021-11-09
39,spotify:track:4SqWKzw0CbA05TGszDgMlc,The Walters,I Love You So,Warner Records,39,40,30,1611103,2021-11-09
40,spotify:track:08F16baYbciTva9P4BvpiI,Travis Scott,MAFIA,Cactus Jack / Epic,11,31,5,1610566,2021-11-09
41,spotify:track:2vmfvSoZBFAt9hhRoEByLi,"Aventura, Bad Bunny",Volví,Rimas Entertainment LLC,7,42,99,1601487,2021-11-09
42,spotify:track:0k1WUmIRnG3xU6fvvDVfRG,"Drake, Future, Young Thug",Way 2 Sexy (with Future & Young Thug),OVO,4,43,68,1593069,2021-11-09
43,spotify:track:2QjOHCTQ1Jl3zawyYOpxh6,The Neighbourhood,Sweater Weather,Columbia,33,41,442,1585680,2021-11-09
44,spotify:track:2BcMwX1MPV6ZHP4tUT9uq6,"Drake, 21 Savage, Project Pat",Knife Talk (with 21 Savage ft. Project Pat),OVO,11,44,68,1583495,2021-11-09
45,spotify:track:5RwV8BvLfX5injfqYodke9,Rauw Alejandro,Todo De Ti,Sony Music Latin/Duars Entertainment,2,45,173,1573187,2021-11-09
46,spotify:track:4iJyoBOLtHqaGxP12qzhQI,"Justin Bieber, Daniel Caesar, Giveon",Peaches (feat. Daniel Caesar & Giveon),RBMG/Def Jam,1,46,236,1518504,2021-11-09
47,spotify:track:2BEcap3xJtmiPaHKyfQi4e,"Rvssian, Rauw Alejandro, Chris Brown",Nostálgico,Sony Music Latin,37,47,62,1475246,2021-11-09
48,spotify:track:0WSEq9Ko4kFPt8yo3ICd6T,Kanye West,Praise God,Rock The World/IDJ/Kanye LP7,7,49,53,1435852,2021-11-09
49,spotify:track:5wANPM4fQCJwkGd4rN57mH,Olivia Rodrigo,drivers license,Olivia Rodrigo PS,1,50,306,1415924,2021-11-09
50,spotify:track:37BZB0z9T8Xu7U3e65qxFy,"The Weeknd, Ariana Grande",Save Your Tears (with Ariana Grande) (Remix),Republic Records,3,53,201,1399401,2021-11-09
51,spotify:track:0bI7K9Becu2dtXK1Q3cZNB,"Tiësto, KAROL G",Don't Be Shy,Atlantic Records,37,51,89,1393086,2021-11-09
52,spotify:track:2bgTY4UwhfBYhGT4HUYStN,BTS,Butter,BIGHIT MUSIC / HYBE,2,48,173,1365611,2021-11-09
53,spotify:track:6M3PsepEj5gyJoIi7Xvr7u,The Weeknd,Take My Breath,XO / Republic Records,7,52,96,1355523,2021-11-09
54,spotify:track:7MAibcTli4IisCtbHKrGMh,"Bruno Mars, Anderson .Paak, Silk Sonic",Leave The Door Open,Aftermath Entertainment/Atlantic,4,58,250,1345108,2021-11-09
55,spotify:track:6UelLqGlWMcVH1E5c4H7lY,Harry Styles,Watermelon Sugar,Columbia,4,59,724,1306747,2021-11-09
56,spotify:track:40iJIUlhi6renaREYGeIDS,"Drake, Travis Scott",Fair Trade (with Travis Scott),OVO,3,61,68,1297359,2021-11-09
57,spotify:track:20on25jryn53hWghthWWW3,"ACRAZE, Cherish",Do It To It,"Thrive Music, LLC",57,60,11,1296758,2021-11-09
58,spotify:track:6Dy1jexKYriXAVG6evyUTJ,"Joel Corry, Jax Jones, Charli XCX, Saweetie",OUT OUT (feat. Charli XCX & Saweetie),Atlantic Records UK,40,56,87,1295356,2021-11-09
59,spotify:track:135Lf4Q0CzlMNfOxbEUsLH,Benson Boone,GHOST TOWN,"Night Street Records, Inc./Warner Records Inc.",53,57,17,1293146,2021-11-09
60,spotify:track:6pgqZ7Iw4LfHlfgWWaRFSY,TWICE,The Feels,Republic Records - TWICE,52,62,40,1205929,2021-11-09
61,spotify:track:0G2zPzWqVjR68iNPmx2TBe,"Mora, Bad Bunny, Sech",Volando - Remix,Rimas Entertainment LLC,19,66,125,1199913,2021-11-09
62,spotify:track:4HzqWEdAbzcVFDv0pvxV4w,Maluma,Sobrio,Sony Music Latin,36,64,124,1187919,2021-11-09
63,spotify:track:37y7iDayfwm3WXn5BiAoRk,Steve Lacy,Dark Red,Three Quarter,58,63,93,1180008,2021-11-09
64,spotify:track:3PwRuzdphgedcWVUOVYJ7I,Rauw Alejandro,Cúrame,Sony Music Latin/Duars Entertainment,34,67,107,1177314,2021-11-09
65,spotify:track:4qsOrxBv09HhNSpsgMRXdC,"Marília Mendonça, Maiara & Maraisa",Esqueça-Me Se For Capaz,Som Livre,48,55,4,1168608,2021-11-09
66,spotify:track:7qEHsqek33rTcFNT9PFqLf,Lewis Capaldi,Someone You Loved,Vertigo Berlin,4,69,1036,1167853,2021-11-09
67,spotify:track:4MzXwWMhyBbmu6hOcLVD49,"Bad Bunny, Jhay Cortez",DÁKITI,Rimas Entertainment LLC,1,70,376,1166462,2021-11-09
68,spotify:track:04sN26COy28wTXYj3dMoiZ,Billie Eilish,Bored,Darkroom,46,65,51,1163904,2021-11-09
69,spotify:track:04S1pkp1VaIqjg8zZqknR5,Taylor Swift,Enchanted,"Big Machine Records, LLC",69,147,2,1159974,2021-11-09
70,spotify:track:4knc1Fp3kbuq8bH2byOvLu,"Camilo, Evaluna Montaner",Índigo,Sony Music Latin,35,68,27,1159062,2021-11-09
71,spotify:track:6P096SaOzrgGxs8NWOfX7M,"Tiago PZK, Trueno",Salimo de Noche,WM Chile,71,76,15,1148402,2021-11-09
72,spotify:track:6IPNp9PfaEqrzotY47TIWy,"DJ Snake, Ozuna, Megan Thee Stallion, LISA","SG (with Ozuna, Megan Thee Stallion & LISA of BLACKPINK)",DJ Snake Music Productions Limited,24,72,19,1137310,2021-11-09
73,spotify:track:3JCaq3KDSROg3TXhdiDa9n,"Jhay Cortez, Anuel AA",Ley Seca,N&E Entertainment LLC,42,71,68,1137013,2021-11-09
74,spotify:track:4XvcHTUfIlWfyJTRG0aqlo,Sleepy Hallow,2055,Winners Circle/RCA Records,30,77,116,1132341,2021-11-09
75,spotify:track:4pt5fDVTg5GhEvEtlz9dKk,Måneskin,I WANNA BE YOUR SLAVE,RCA Records Label,8,73,171,1128272,2021-11-09
76,spotify:track:0k4d5YPDr1r7FX77VdqWez,"Doja Cat, The Weeknd",You Right,Kemosabe Records/RCA Records,14,78,138,1125832,2021-11-09
77,spotify:track:6HU7h9RYOaPRFeh0R3UeAr,Olivia Rodrigo,deja vu,Olivia Rodrigo PS,3,80,223,1116103,2021-11-09
78,spotify:track:4bF2y8rR7GUjrd5LNEvej3,Ingratax,París,Room28,24,81,111,1101565,2021-11-09
79,spotify:track:0W6I02J9xcqK8MtSeosEXb,Doja Cat,Get Into It (Yuh),Kemosabe Records/RCA Records,35,79,104,1092879,2021-11-09
80,spotify:track:0u2P5u6lvoDfwTYjAADbn4,"Billie Eilish, Khalid",lovely (with Khalid),Darkroom,19,83,1296,1085540,2021-11-09
81,spotify:track:08SB2OtZkaliju77WYEKxk,"Summer Walker, SZA",No Love (with SZA),LVRN/Interscope Records,37,74,5,1084949,2021-11-09
82,spotify:track:1058fW9H3fZA6QjYCdOBad,Camila Cabello,Don't Go Yet,Epic,28,84,110,1084007,2021-11-09
83,spotify:track:6O5TrlFWTYvznd9fMC0VvU,Adele,When We Were Young,XL Recordings,24,82,44,1077042,2021-11-09
84,spotify:track:3PfIrDoz19wz7qK7tYeu62,Dua Lipa,Don't Start Now,Warner Records,2,89,740,1070170,2021-11-09
85,spotify:track:4saklk6nie3yiGePpBwUoc,BTS,Dynamite,BIGHIT MUSIC / HYBE,1,85,446,1064024,2021-11-09
86,spotify:track:6IAZHEBUIGJ6NJKxxOBIEr,Adele,Rolling in the Deep,XL Recordings,28,87,42,1058656,2021-11-09
87,spotify:track:32BeYxKPrig1LefHsC0Xuo,Billie Eilish,Happier Than Ever - Edit,Darkroom/Interscope Records,68,86,62,1058493,2021-11-09
88,spotify:track:10IfXtjKQmOiON7tNAHv0y,JIN,Yours,"에이스토리, 모스트콘텐츠",45,54,3,1057975,2021-11-09
89,spotify:track:5QO79kh1waicV47BqGRL3g,The Weeknd,Save Your Tears,Republic Records,2,90,343,1056567,2021-11-09
90,spotify:track:1q0PYXTbDsirp2l74ng6pn,"J Balvin, Skrillex",In Da Getto,"Sueños Globales, LLC",22,88,131,1046611,2021-11-09
91,spotify:track:6D2TCm4nf5nxAcdGJ7w3QP,"J Balvin, Maria Becerra",Qué Más Pues?,"Sueños Globales, LLC",9,91,166,1042460,2021-11-09
92,spotify:track:053zWWZDziDJd3U94x8RuP,"Marília Mendonça, Maiara & Maraisa",Todo Mundo Menos Você,Som Livre,68,75,4,1042393,2021-11-09
93,spotify:track:5lkpeJwmQKgY3bX2zChjxX,Adele,Someone Like You,XL Recordings,31,93,46,1038701,2021-11-09
94,spotify:track:5TMLavqGRKNxgzMBrVpC9R,"zzoilo, Aitana",Mon Amour - Remix,Universal Music Spain S.L.,90,101,72,1034410,2021-11-09
95,spotify:track:5rW7qTn83sCKtqBoneJs63,"bbno$, Rich Brian",edamame (feat. Rich Brian),bbno$,74,92,82,1029527,2021-11-09
96,spotify:track:3QFInJAm9eyaho5vBzxInN,"Baby Keem, Kendrick Lamar",family ties (with Kendrick Lamar),Columbia,22,100,75,1021539,2021-11-09
97,spotify:track:29TPjc8wxfz4XMn21O7VsZ,Playboi Carti,Sky,AWGE/Interscope Records,97,125,23,1007093,2021-11-09
98,spotify:track:1mrGEef8GuaEnDdw8J5BQp,"Bizarrap, Anuel AA","Anuel AA: Bzrp Music Sessions, Vol. 46",DALE PLAY Records,33,95,6,1006119,2021-11-09
99,spotify:track:4jPy3l0RUwlUI9T5XHBW2m,"24kGoldn, iann dior",Mood (feat. iann dior),Records/Columbia,1,98,457,1004273,2021-11-09
100,spotify:track:7EkWXAI1wn8Ii883ecd9xr,Surf Curse,Freaks,Surf Curse,50,94,194,1002408,2021-11-09
101,spotify:track:2tGvwE8GcFKwNdAXMnlbfl,Olivia Rodrigo,happier,Olivia Rodrigo PS,12,99,173,997866,2021-11-09
102,spotify:track:3NqBxTOMCJ3zW9CIP51td4,"Eslabon Armado, DannyLux",Jugaste y Sufrí,DEL Records,87,97,66,990990,2021-11-09
103,spotify:track:05bfbizlM5AX6Mf1RRyMho,"Nio Garcia, J Balvin, Bad Bunny",AM Remix,Flow La Movie,11,108,138,978612,2021-11-09
104,spotify:track:3eJH2nAjvNXdmPfBkALiPZ,Jason Derulo,Acapulco,Atlantic Records,88,103,32,976966,2021-11-09
105,spotify:track:1is8gU4RVcN4J8xItxWoOY,Clinton Kane,I GUESS I'M IN LOVE,Columbia,68,102,82,975663,2021-11-09
106,spotify:track:5eXBXreN3d1zdj6Sa8dS0u,BTS,Permission to Dance,BIGHIT MUSIC,2,96,124,974216,2021-11-09
107,spotify:track:2gMXnyrvIjhVBUZwvLZDMP,Lewis Capaldi,Before You Go,Vertigo Berlin,17,105,720,973301,2021-11-09
108,spotify:track:0DuWDLjriRPjDRoPgaCslY,Adele,Love In The Dark,XL Recordings,40,104,31,970045,2021-11-09
109,spotify:track:0pqnGHJpmpxLKifKRmU6WP,Imagine Dragons,Believer,Kid Ina Korner / Interscope,15,106,1739,966126,2021-11-09
110,spotify:track:21jGcNKet2qwijlDFuPiPb,Post Malone,Circles,Republic Records,1,107,801,946071,2021-11-09
111,spotify:track:2eAvDnpXP5W0cVtiI0PUxV,Ruth B.,Dandelions,Columbia,103,110,86,945958,2021-11-09
112,spotify:track:18asYwWugKjjsihZ0YvRxO,"Tiësto, Ava Max",The Motto,Atlantic Records,56,119,5,936778,2021-11-09
113,spotify:track:7uQZVznj0uQOGC9KhV2Mg6,LISA,LALISA,YG Entertainment/Interscope Records,15,109,61,933838,2021-11-09
114,spotify:track:0RiRZpuVRbi7oqRdSMwhQY,"Post Malone, Swae Lee",Sunflower - Spider-Man: Into the Spider-Verse,Republic Records,1,112,1118,930046,2021-11-09
115,spotify:track:6gBFPUFcJLzWGx4lenP6h2,Travis Scott,goosebumps,Epic/Grand Hustle,10,115,1553,925935,2021-11-09
116,spotify:track:0tgVpDi06FyKpA1z0VMD4v,Ed Sheeran,Perfect,Atlantic Records UK,3,114,1700,924837,2021-11-09
117,spotify:track:7jtQIBanIiJOMS6RyCx6jZ,Tom Odell,Another Love,ITNO/Columbia,71,113,211,923988,2021-11-09
118,spotify:track:0bYg9bo50gSsH3LtXe2SQn,Mariah Carey,All I Want for Christmas Is You,Columbia,1,117,236,918688,2021-11-09
119,spotify:track:3AJwUDP919kvQ9QcozQPxg,Coldplay,Yellow,Parlophone UK,92,116,319,918341,2021-11-09
120,spotify:track:2vXKRlJBXyOcvZYTdNeckS,"Gesaffelstein, The Weeknd",Lost in the Fire (feat. The Weeknd),Columbia,12,111,50,913594,2021-11-09
121,spotify:track:4qu63nuBpdn0qHUHuObEj1,"Marshmello, Jonas Brothers",Leave Before You Love Me (with Jonas Brothers),Republic Records,51,120,166,900237,2021-11-09
122,spotify:track:35mvY5S1H3J2QZyna3TFe0,Ariana Grande,positions,Republic Records,1,122,383,893983,2021-11-09
123,spotify:track:5reQI13tWWYDLMrGcUF4Mk,"Monsieur Periné, Vicente Garcia",Nuestra Canción,Monsieur Perine,76,118,17,893099,2021-11-09
124,spotify:track:6f3Slt0GbA2bPZlz0aIFXN,Tiësto,The Business,Atlantic Records,8,124,379,891184,2021-11-09
125,spotify:track:4xqrdfXkTW4T0RauPLv3WA,Conan Gray,Heather,Republic Records,11,121,476,884652,2021-11-09
126,spotify:track:6E90gq0KO6FYZVOXx8kCcC,Masked Wolf,Astronaut In The Ocean,Elektra (NEK),2,126,299,877924,2021-11-09
127,spotify:track:1f3yAtsJtY87CTmM8RLnxf,Nirvana,Smells Like Teen Spirit,Geffen,92,129,295,875260,2021-11-09
128,spotify:track:7qiZfU4dY1lWllzX7mPBI3,Ed Sheeran,Shape of You,Atlantic Records UK,1,128,1747,873529,2021-11-09
129,spotify:track:37Nqx7iavZpotJSDXZWbJ3,"Drake, Lil Baby",Girls Want Girls (with Lil Baby),OVO,1,127,68,873288,2021-11-09
130,spotify:track:2N8m6CYs74qQO4mjVcXO30,Tones And I,Dance Monkey,Elektra (NEK),1,130,846,872411,2021-11-09
131,spotify:track:5E30LdtzQTGqRvNd7l6kG5,The Neighbourhood,Daddy Issues,Columbia,91,123,391,871107,2021-11-09
132,spotify:track:4OwhwvKESFtuu06dTgct7i,"Marc Seguí, Rauw Alejandro, Pol Granch",Tiroteo - Remix,WEA Latina,47,131,134,863361,2021-11-09
133,spotify:track:45bE4HXI0AwGZXfZtMp8JR,Tate McRae,you broke me first,RCA Records Label,12,133,484,857764,2021-11-09
134,spotify:track:1J14CdDAvBTE1AJYUOwl6C,Duncan Laurence,Arcade,"Universal Music, a division of Universal International Music BV",14,132,309,852354,2021-11-09
135,spotify:track:3dYD57lRAUcMHufyqn9GcI,Hozier,Take Me to Church,Columbia,91,134,382,850451,2021-11-09
136,spotify:track:161DnLWsx1i3u1JT05lzqU,Bruno Mars,Talking to the Moon,Atlantic Records,42,141,232,841398,2021-11-09
137,spotify:track:2VxeLyX666F8uXCJ0dZF8B,"Lady Gaga, Bradley Cooper",Shallow,A Star is Born OST,2,139,1137,841212,2021-11-09
138,spotify:track:5uCax9HTNlzGybIStD3vDh,James Arthur,Say You Won't Let Go,Columbia,7,138,1748,840915,2021-11-09
139,spotify:track:4rPkN1FMzQyFNP9cLUGIIB,Dua Lipa,Love Again,Warner Records,49,140,126,836477,2021-11-09
140,spotify:track:1dIWPXMX4kRHj6Dt2DStUQ,"Blxst, Tyga, Ty Dolla $ign",Chosen (feat. Ty Dolla $ign),Red Bull Records Inc. / Evgle LLC,79,137,107,835438,2021-11-09
141,spotify:track:3U4isOIWM3VvDubwSI3y7a,John Legend,All of Me,G.O.O.D. Music/Columbia,76,142,943,834218,2021-11-09
142,spotify:track:4jDmJ51x1o9NZB5Nxxc7gY,George Michael,Careless Whisper,Sony Music Entertainment,128,135,14,833229,2021-11-09
143,spotify:track:704LUEih663hiE3CnyUrFW,KAROL G,SEJODIOTO,UMLE - Latino,72,144,47,829573,2021-11-09
144,spotify:track:003vvx7Niy0yvhvHt4a68B,The Killers,Mr. Brightside,Island Records,132,136,538,828094,2021-11-09
145,spotify:track:18vXApRmJSgQ6wG2ll9AOg,Polo G,RAPSTAR,Columbia,3,151,215,827429,2021-11-09
146,spotify:track:7lQ8MOhq6IN2w8EYcFNSUk,Eminem,Without Me,Aftermath,146,155,47,823885,2021-11-09
147,spotify:track:0ct6r3EGTcMLPtrXHDvVjc,Avicii,The Nights,Universal Music AB,24,149,241,823292,2021-11-09
148,spotify:track:5JCoSi02qi3jJeHdZXMmR8,Olivia Rodrigo,favorite crime,Olivia Rodrigo PS,11,145,171,821670,2021-11-09
149,spotify:track:3FAJ6O0NOHQV8Mc5Ri6ENp,Giveon,Heartbreak Anniversary,Epic/Not So Fast,8,143,272,820968,2021-11-09
150,spotify:track:2wG1R0uDFwyobcWzVssC1J,PEDRO SAMPAIO,GALOPA,WM Brazil,91,146,13,818305,2021-11-09
151,spotify:track:6w8yBI2vthyN9UnwO4UBWb,"Tiago PZK, LIT killah",Entre Nosotros,WM Chile,31,150,123,812280,2021-11-09
152,spotify:track:6FE2iI43OZnszFLuLtvvmg,MKTO,Classic,Columbia/M2V,124,148,38,810609,2021-11-09
153,spotify:track:7m9OqQk4RVRkw9JJdeAw96,XXXTENTACION,Jocelyn Flores,Bad Vibes Forever / EMPIRE,2,154,1432,807858,2021-11-09
154,spotify:track:2rCbl9naJYhaxjLsfx88uM,"Sebastian Yatra, Myke Towers",Pareja Del Año,UMLE - Latino,9,157,205,806350,2021-11-09
155,spotify:track:2tpWsVSb9UEmDRxAl1zhX1,OneRepublic,Counting Stars,Mosley / Interscope,135,156,268,806054,2021-11-09
156,spotify:track:5lAnYvAIkSDNXqfo7DyFUm,Doja Cat,Ain't Shit,Kemosabe Records/RCA Records,21,153,138,805874,2021-11-09
157,spotify:track:1Ov37jtRQ2YNAe8HzfczkL,Taylor Swift,Wildest Dreams (Taylor's Version),Taylor Swift,19,170,49,803667,2021-11-09
158,spotify:track:3yfqSUWxFvZELEM4PmlwIR,Eminem,The Real Slim Shady,Interscope,121,162,175,800215,2021-11-09
159,spotify:track:0cOa970mzTWAxKtltpkpLc,"TINI, Maria Becerra",Miénteme,Sony Music Latin,37,160,194,798538,2021-11-09
160,spotify:track:62vpWI1CHwFy7tMIcSStl8,J. Cole,No Role Modelz,Roc Nation/Columbia,106,164,164,797386,2021-11-09
161,spotify:track:6OufwUcCqo81guU2jAlDVP,Shouse,Love Tonight - Edit,Hell Beach,34,159,129,797187,2021-11-09
162,spotify:track:6G2xXQRSZlEzYsUEb3uvuR,Ivan Cornejo,Está Dañada,"Manzana Records, Inc.",83,152,33,793151,2021-11-09
163,spotify:track:4cktbXiXOapiLBMprHFErI,Maroon 5,Memories,Interscope Records*,2,165,779,790618,2021-11-09
164,spotify:track:6Hfu9sc7jvv6coyy2LlzBF,Kanye West,Hurricane,Rock The World/IDJ/Kanye LP7,3,166,72,790093,2021-11-09
165,spotify:track:1u8c2t2Cy7UBoG4ArRcF5g,Taylor Swift,Blank Space,"Big Machine Records, LLC",122,177,46,789473,2021-11-09
166,spotify:track:6v3KW9xbzN5yKLt9YKDYA2,"Shawn Mendes, Camila Cabello",Señorita,Island Records,1,169,871,786584,2021-11-09
167,spotify:track:4cG7HUWYHBV6R6tHn1gxrl,"Riton, Nightcrawlers, Mufasa & Hypeman, Dopamine",Friday (feat. Mufasa & Hypeman) - Dopamine Re-Edit,Ministry of Sound Recordings,11,173,267,786556,2021-11-09
168,spotify:track:4kELKaXaNP4EQR8Q8xNIID,Trueno,FEEL ME??,NEUEN,154,175,8,785984,2021-11-09
169,spotify:track:7iqOIHHEmu6Vhw25GgQ2eA,"J Balvin, Sech",Una Nota,"Sueños Globales, LLC",43,163,61,780864,2021-11-09
170,spotify:track:1qDrWA6lyx8cLECdZE7TV7,"Gotye, Kimbra",Somebody That I Used To Know,Samples & Seconds / Republic,122,167,128,779317,2021-11-09
171,spotify:track:2RGIuYTsyyHoOCqW0krvNE,"Avine Vinny, Matheus Fernandes",Coração Cachorro,Sony Music Entertainment,45,168,34,778948,2021-11-09
172,spotify:track:6tDDoYIxWvMLTdKpjFkc1B,Kali Uchis,telepatía,EMI / Interscope,2,176,264,774591,2021-11-09
173,spotify:track:7yq4Qj7cqayVTp3FF9CWbm,Vance Joy,Riptide,Atlantic Records,114,174,359,773070,2021-11-09
174,spotify:track:3jjujdWJ72nww5eGnfs2E7,Harry Styles,Adore You,Columbia,3,178,657,771793,2021-11-09
175,spotify:track:0mJBiaODgK0XjOLCN5fItq,Sam Smith,Like I Can,Capitol,49,171,80,771050,2021-11-09
176,spotify:track:7lQWRAjyhTpCWFC0jmclT4,"Coolio, L.V.",Gangsta's Paradise,Tommy Boy Music,127,182,72,770579,2021-11-09
177,spotify:track:1DNA2z7Txysjk3cNz2nDLm,Realestk,Wfm,Columbia,70,158,29,765398,2021-11-09
178,spotify:track:4u7EnebtmKWzUH433cf5Qv,Queen,Bohemian Rhapsody - Remastered 2011,Hollywood Records,10,181,1164,764781,2021-11-09
179,spotify:track:1ZMiCix7XSAbfAJlEZWMCp,Harry Styles,Falling,Columbia,18,179,528,764534,2021-11-09
180,spotify:track:1SOClUWhOi8vHZYMz3GluK,Jaymes Young,Infinity,Atlantic Records,124,172,26,761869,2021-11-09
181,spotify:track:64EA2RKyciBwCuVczLH6Ct,Siouxxie,masquerade,1515760 Records DK2,142,161,24,761828,2021-11-09
182,spotify:track:6fxVffaTuwjgEk5h9QyRjy,Ed Sheeran,Photograph,Atlantic Records UK,40,186,1082,758072,2021-11-09
183,spotify:track:2qEoAz0i6yEz5dPggABcLH,"Fuego, Manuel Turizo, Duki",Una Vaina Loca,Chosen Few/ WK Records,183,-1,1,757052,2021-11-09
184,spotify:track:6b2HYgqcK9mvktt4GxAu72,"Justin Quiles, Chimbala, Zion & Lennox",Loco,WEA Latina,55,185,156,754119,2021-11-09
185,spotify:track:0MMyJUC3WNnFS1lit5pTjk,Olivia Rodrigo,"jealousy, jealousy",Olivia Rodrigo PS,14,184,170,751586,2021-11-09
186,spotify:track:39LLxExYz6ewLAcYrzQQyP,Dua Lipa,Levitating,Warner Records,35,194,228,748014,2021-11-09
187,spotify:track:2IAR0DziHCjSu16gR4ihvy,Bruno Major,Nothing,Bruno Major,187,-1,1,747861,2021-11-09
188,spotify:track:2xLMifQCjDGFmkHkpNLD9h,Travis Scott,SICKO MODE,Cactus Jack / Epic / Grand Hustle,2,193,1036,744703,2021-11-09
189,spotify:track:7j4OmvkjRz0PrjFADlHfQx,Adele,Set Fire to the Rain,XL Recordings,46,190,26,743585,2021-11-09
190,spotify:track:1JSTJqkT5qHq8MDJnJbRE1,The Police,Every Breath You Take,Polydor Records,129,197,368,743221,2021-11-09
191,spotify:track:4xkOaSrkexMciUUogZKVTS,"Eminem, Nate Dogg",'Till I Collapse,Aftermath,124,-1,217,741208,2021-11-09
192,spotify:track:4yoc5cUWk4OFvqOcvFvw0o,Anuel AA,Dictadura,"Real Hasta La Muerte, LLC",132,180,7,740620,2021-11-09
193,spotify:track:7fBv7CLKzipRk6EC6TWHOB,The Weeknd,The Hills,Universal Republic Records,24,191,238,740191,2021-11-09
194,spotify:track:6ocbgoVGwYJhOv1GgI9NsF,Ariana Grande,7 rings,Republic Records,1,198,991,739944,2021-11-09
195,spotify:track:7BqBn9nzAq8spo5e7cZ0dJ,Bruno Mars,Just the Way You Are,Atlantic Records,115,-1,145,735548,2021-11-09
196,spotify:track:30QR0ndUdiiMQMA9g1PGCm,$uicideboy$,"...And to Those I Love, Thanks for Sticking Around",G59 Records,82,192,49,733019,2021-11-09
197,spotify:track:3hRV0jL3vUpRrcy398teAU,Lord Huron,The Night We Met,IAMSOUND,51,188,200,732039,2021-11-09
198,spotify:track:285pBltuF7vW8TeWk8hdRR,Juice WRLD,Lucid Dreams,Juice WRLD Mixtape / ISR P&D,2,199,1230,731054,2021-11-09
199,spotify:track:7hxHWCCAIIxFLCzvDgnQHX,"Internet Money, Gunna, Don Toliver, NAV","Lemonade (feat. Gunna, Don Toliver & NAV)",Internet Money Records/ TenThousand Projects,2,195,451,730345,2021-11-09
200,spotify:track:60a0Rd6pjrkxjPbaKzXjfq,Linkin Park,In the End,Warner Records,7,-1,164,727709,2021-11-09
